"","size","community_reputation","harmless_votes","malicious_votes","positives","times_submitted","total","total_PERMs","unique_sources","additional_info.androguard.AndroidApplication","additional_info.androguard.AndroidVersionCode","additional_info.androguard.MinSdkVersion","additional_info.androguard.RiskIndicator.APK.SHARED.LIBRARIES","additional_info.androguard.RiskIndicator.PERM.APPOP","additional_info.androguard.RiskIndicator.PERM.DANGEROUS","additional_info.androguard.RiskIndicator.PERM.DEVELOPMENT","additional_info.androguard.RiskIndicator.PERM.EPHEMERAL","additional_info.androguard.RiskIndicator.PERM.GPS","additional_info.androguard.RiskIndicator.PERM.INSTANT","additional_info.androguard.RiskIndicator.PERM.MONEY","additional_info.androguard.RiskIndicator.PERM.NORMAL","additional_info.androguard.RiskIndicator.PERM.PRE23","additional_info.androguard.RiskIndicator.PERM.PREINSTALLED","additional_info.androguard.RiskIndicator.PERM.PRIVACY","additional_info.androguard.RiskIndicator.PERM.SIGNATURE","additional_info.androguard.RiskIndicator.PERM.SMS","additional_info.androguard.RiskIndicator.PERM.SYSTEM","additional_info.androguard.TargetSdkVersion","additional_info.compressedview.file_types.DEX","additional_info.compressedview.file_types.ELF","additional_info.compressedview.file_types.GIF","additional_info.compressedview.file_types.HTML","additional_info.compressedview.file_types.JavaScript","additional_info.compressedview.file_types.JPG","additional_info.compressedview.file_types.JSON","additional_info.compressedview.file_types.MP3","additional_info.compressedview.file_types.OGG","additional_info.compressedview.file_types.PNG","additional_info.compressedview.file_types.Portable.Executable","additional_info.compressedview.file_types.unknown","additional_info.compressedview.file_types.XML","additional_info.compressedview.file_types.ZIP","additional_info.compressedview.num_children","additional_info.exiftool.ZipIncreasedUncompressedSize","additional_info.exiftool.ZipRequiredVersion","additional_info.f.prot.unpacker.appended","additional_info.f.prot.unpacker.UTF8","additional_info.positives_delta","additional_info.suspicious","additional_info.trid.AndroidPackage","additional_info.trid.DalvikDexClass","additional_info.trid.JavaArchive","additional_info.trid.KonfabulatorWidget","additional_info.trid.MozillaArchiveFormat","additional_info.trid.MozillaFirefoxBrowserExtension","additional_info.trid.OpenofficeExtension","additional_info.trid.OperaWidget","additional_info.trid.Printfox/PagefoxBitmap","additional_info.trid.SweetHome3dDesign","additional_info.trid.VymMindMap","additional_info.trid.ZipCompressedArchive","analysis_info.clustering.cluster.k3","analysis_info.clustering.cluster.k7","analysis_info.clustering.cluster.k10","analysis_info.clustering.belongs_to_small_cluster.k10"
"1",1956125,0,0,0,20,1,61,6,1,1,101,16,0,0,2,0,0,1,0,0,2,0,0,1,0,0,0,22,1,0,0,0,0,1,0,0,0,238,0,40,104,0,384,6.81033475623455,0,0,0,1557625.89609783,0,57,0,20,0,0,0,0,0,1.4,15.5,0,5.9,3,5,7,FALSE
"2",2667641,0,0,0,20,1,61,10,1,1,9,14,0,0,4,0,0,0,0,0,5,0,0,1,0,0,0,22,3,0,0,0,2,0,0,0,0,7,0,34,2,0,48,2.41531176793102,20,0,0,8042493.96792339,0,49.3,0,17.3,0,8.9,0,0,17.9,0,0,0,5.1,3,4,1,FALSE
"3",3998656,0,0,0,18,1,61,22,1,1,1,24,0,0,1,0,0,0,4,2,7,0,0,4,0,4,0,28,0,0,0,3,1,0,2,0,0,266,0,55,353,4,684,1.01631025733962,20,0,0,-2667303.98999501,0,0,0,72.9,0,0,0,0,0,5.4,0,0,21.6,3,6,6,FALSE
"4",500276,-34,18,13,26,263,64,4,514,1,2032,14,3,0,0,0,0,0,0,0,4,0,0,0,0,0,0,17,1,3,0,0,0,0,0,0,0,12,0,5,25,0,46,2.3614295347269,20,0,0,-2,0,60.1,0,21,0,10.9,0,0,0,1.5,0,0,6.2,3,3,8,TRUE
"5",1956125,0,0,0,20,1,62,6,1,1,101,16,0,0,2,0,0,1,0,0,2,0,0,1,0,0,0,22,1,0,0,0,0,1,0,0,0,238,0,40,104,0,384,6.81033475623455,0,0,0,1557626.61575586,0,57,0,20,0,0,0,0,0,1.4,15.5,0,5.9,3,5,7,FALSE
"6",4137920,0,0,0,18,1,61,22,1,1,1,24,0,0,1,0,0,0,4,2,7,0,0,4,0,4,0,28,0,0,0,3,1,0,2,0,0,266,0,55,353,4,684,1.01631025733962,20,0,0,-2667304.76166248,0,0,0,72.9,0,0,0,0,0,5.4,0,0,21.6,3,6,6,FALSE
"7",3031864,0,0,0,15,2,61,0,2,0,819.873224130861,20.7339345490692,0,0,0,0,0,0,0,0,0,0,0,0,0,0,0,18.4246920298275,0,0,0,0,0,0,0,0,0,0,0,0,0,0,-2.92565534693529,2.60214497997157,20,0,0,0,0,67.5,0,23.6,0,0,0,0,0,1.7,0,0,7,3,5,7,FALSE
"8",2669106,0,0,0,20,1,60,10,1,1,9,14,0,0,4,0,0,0,0,0,5,0,0,1,0,0,0,22,3,0,0,0,2,0,0,0,0,7,0,34,2,0,48,2.41531176793102,20,0,0,8042493.24014774,0,49.3,0,17.3,0,8.9,0,0,17.9,0,0,0,5.1,3,4,1,FALSE
"9",2669106,0,0,0,21,1,60,10,1,1,9,14,0,0,4,0,0,0,0,0,5,0,0,1,0,0,0,22,3,0,0,0,2,0,0,0,0,7,0,34,2,0,48,2.41531176793102,20,0,0,8042494.64802708,0,49.3,0,17.3,0,8.9,0,0,17.9,0,0,0,5.1,3,4,1,FALSE
"10",5884,0,0,0,25,4,60,0,2,2,-884601.764293452,350.977337926703,0,0,0,0,0,0,0,0,0,0,0,0,0,0,0,462.22561571833,0,0,0,0,0,0,0,0,0,0,0,0,0,0,-2910.46044910399,-855.818264200758,17443.209706296,0,0,-2,0,0,100,0,0,0,0,0,0,0,0,0,0,2,2,2,FALSE
"11",3035859,0,0,0,24,2,62,27,2,1,1,19,4,0,4,0,0,0,3,2,7,0,0,6,0,5,0,29,1,4,0,0,0,0,0,0,0,282,0,11,414,0,712,4.56073833873784,10,0,0,1,0,0,0,72.9,0,0,0,0,0,5.4,0,0,21.6,3,6,6,FALSE
"12",2669106,0,0,0,19,1,61,10,1,1,9,14,0,0,4,0,0,0,0,0,5,0,0,1,0,0,0,22,3,0,0,0,2,0,0,0,0,7,0,34,2,0,48,2.41531176793102,20,0,0,8042492.55192643,0,49.3,0,17.3,0,8.9,0,0,17.9,0,0,0,5.1,3,4,1,FALSE
"13",15202016,0,0,0,17,1,63,34,1,1,41,19,10,0,8,0,0,3,0,1,10,0,0,8,1,2,1,22,1,10,0,0,1,4,0,10,0,136,0,67,271,0,490,5.09625021600138,20,0,0,-12464295.4913339,0,67.5,0,23.6,0,0,0,0,0,1.7,0,0,7,3,6,3,TRUE
"14",8041344,0,0,0,17,1,63,9,1,1,7,21,10,0,2,0,0,0,3,0,4,0,0,0,0,0,0,28,1,10,0,0,0,10,0,0,0,469,0,35,316,0,841,2.52520636105023,0,0,0,-6096175.05590573,0,0,0,72.9,0,0,0,0,0,5.4,0,0,21.6,3,6,7,FALSE
"15",307908,0,0,0,20,11,59,0,2,2,-884604.692299604,350.933563783288,0,0,0,0,0,0,0,0,0,0,0,0,0,0,0,462.170683117528,0,0,0,0,0,0,0,0,0,0,0,0,0,0,-2910.4605142677,-855.349239192651,17443.3218279175,0,0,1,0,0,100,0,0,0,0,0,0,0,0,0,0,2,2,2,FALSE
"16",20353542,0,0,0,22,1,63,58,1,1,2017011016,16,12,3,5,2,3,3,0,2,14,2,2,9,8,2,3,26,2,37,0,1,0,1,1,0,0,425,0,58,445,5,975,3.13939983888292,20,0,0,23069621420.4614,0,43.2,0,15.1,0,0,0,24.1,0,0,11.7,0,4.4,1,7,4,TRUE
"17",6122860,0,0,0,18,2,62,26,2,1,1,19,8,0,3,0,0,0,3,2,7,0,0,6,0,5,0,29,1,8,0,0,0,0,0,0,0,268,0,43,411,0,731,4.552738336714,10,0,0,-1,0,0,0,0,0,0,0,0,0,6.4,67.7,0,25.8,3,6,6,FALSE
"18",4804233,0,0,0,27,1,58,15,1,1,25,10,0,0,1,0,0,0,0,2,5,0,0,3,0,4,0,21,1,0,0,1,1,0,0,0,0,774,0,12,139,0,928,4.23851120394987,20,0,0,19052705.738061,0,57,0,20,0,0,0,0,0,1.4,15.5,0,5.9,3,5,6,FALSE
"19",1955983,0,0,0,19,1,60,6,1,1,101,16,0,0,2,0,0,1,0,0,2,0,0,1,0,0,0,22,1,0,0,0,0,1,0,0,0,238,0,40,104,0,384,6.81098081502449,0,0,0,1557623.77334619,0,57,0,20,0,0,0,0,0,1.4,15.5,0,5.9,3,5,7,FALSE
"20",48204,0,0,0,20,2,56,0,2,2,-884596.081281875,351.03329090847,0,0,0,0,0,0,0,0,0,0,0,0,0,0,0,462.194847723258,0,0,0,0,0,0,0,0,0,0,0,0,0,0,-2910.48121130529,-855.496168089723,17442.8593276327,0,0,-2,0,0,100,0,0,0,0,0,0,0,0,0,0,2,2,2,FALSE
"21",366676,0,0,0,21,2,53,0,2,2,-884595.053208021,351.052076770388,0,0,0,0,0,0,0,0,0,0,0,0,0,0,0,462.174484909884,0,0,0,0,0,0,0,0,0,0,0,0,0,0,-2910.48892799573,-855.669287749053,17443.3263105797,0,0,3,0,0,100,0,0,0,0,0,0,0,0,0,0,2,2,2,FALSE
"22",2669106,0,0,0,22,1,62,10,1,1,9,14,0,0,4,0,0,0,0,0,5,0,0,1,0,0,0,22,0,0,0,0,0,0,0,0,0,0,0,0,0,0,-9.13517350103189,2.41531176793102,20,0,0,8033484.91536881,0,49.3,0,17.3,0,8.9,0,0,17.9,0,0,0,5.1,3,4,1,FALSE
"23",1674660,0,0,0,25,20,59,0,2,2,-884615.017057905,350.809495016741,0,0,0,0,0,0,0,0,0,0,0,0,0,0,0,462.116970781318,0,0,0,0,0,0,0,0,0,0,0,0,0,0,-2910.47269027897,-855.705124918642,17444.7526303782,0,0,2,0,0,100,0,0,0,0,0,0,0,0,0,0,2,2,2,FALSE
"24",424720,0,0,0,20,2,59,0,1,2,-885195.730768213,344.428866086219,0,0,0,0,0,0,0,0,0,0,0,0,0,0,0,458.805521931224,0,0,0,0,0,0,0,0,0,0,0,0,0,0,-2906.9101702041,-852.284103381421,17575.2643727353,0,0,5,0,0,100,0,0,0,0,0,0,0,0,0,0,2,2,2,FALSE
"25",394574,0,0,0,21,18,63,16,14,1,929,7,3,0,5,1,0,0,0,0,1,0,0,5,1,2,1,-10145387.5720879,1,3,0,0,0,1,0,14,0,30,0,9,21,0,70,3.13294797687861,20,0,0,0,1,67.5,0,23.6,0,0,0,0,0,1.7,0,0,7,3,5,7,FALSE
"26",5888,0,0,0,25,2,59,0,1,2,-885196.851338307,344.453195410281,0,0,0,0,0,0,0,0,0,0,0,0,0,0,0,458.834725116887,0,0,0,0,0,0,0,0,0,0,0,0,0,0,-2906.87364059657,-852.760326535643,17575.8918583286,0,0,6,0,0,100,0,0,0,0,0,0,0,0,0,0,2,2,2,FALSE
"27",7116,0,0,0,17,2,60,0,2,2,-884597.479131364,350.986545484176,0,0,0,0,0,0,0,0,0,0,0,0,0,0,0,462.205198036484,0,0,0,0,0,0,0,0,0,0,0,0,0,0,-2910.49490425107,-855.09546770937,17442.0273765527,0,0,2,0,0,100,0,0,0,0,0,0,0,0,0,0,2,2,2,FALSE
"28",17476,0,0,0,25,3,59,0,2,2,-884600.448878268,350.994238094685,0,0,0,0,0,0,0,0,0,0,0,0,0,0,0,462.223895235387,0,0,0,0,0,0,0,0,0,0,0,0,0,0,-2910.4637187021,-855.854128764428,17443.2342322629,0,0,15,0,0,100,0,0,0,0,0,0,0,0,0,0,2,2,2,FALSE
"29",7032582,0,0,0,19,255,63,5,2,1,4,22,0,0,1,0,0,0,1,0,2,0,0,1,0,0,0,29,5,0,0,0,0,0,0,0,0,277,0,11,271,0,564,2.64352469959947,20,0,0,0,0,57,0,20,0,0,0,0,0,1.4,15.5,0,5.9,3,5,7,FALSE
"30",6004,0,0,0,26,3,59,0,2,2,-884600.791721493,350.995076895991,0,0,0,0,0,0,0,0,0,0,0,0,0,0,0,462.227641788872,0,0,0,0,0,0,0,0,0,0,0,0,0,0,-2910.45991155875,-855.946073843013,17443.3596863227,0,0,2,0,0,100,0,0,0,0,0,0,0,0,0,0,2,2,2,FALSE
"31",8801847,0,0,0,15,1,63,13,1,1,32000,19,17,1,2,0,0,0,2,0,4,0,0,1,2,0,1,28,2,17,0,0,0,0,2,0,0,396,0,13,446,0,877,2.67735059198192,20,0,0,-2810267.58579375,0,44.2,0,15.5,0,8,0,0,0,0,12,14.3,0,3,6,7,FALSE
"32",774024,0,0,0,28,2,59,0,2,2,-884602.079551484,350.958132067148,0,0,0,0,0,0,0,0,0,0,0,0,0,0,0,462.215689809958,0,0,0,0,0,0,0,0,0,0,0,0,0,0,-2910.49476696217,-856.098179843295,17443.5207477442,0,0,3,0,0,100,0,0,0,0,0,0,0,0,0,0,2,2,2,FALSE
"33",4804234,0,0,0,26,1,56,15,1,1,25,10,0,0,1,0,0,0,0,2,5,0,0,3,0,4,0,21,1,0,0,1,1,0,0,0,0,774,0,12,139,0,928,4.23851120394987,20,0,0,19052702.89086,0,57,0,20,0,0,0,0,0,1.4,15.5,0,5.9,3,5,6,FALSE
"34",30711904,0,0,0,18,1,61,20,1,1,6,21,5,0,2,0,0,3,2,0,6,0,0,7,0,0,0,28,5,16,0,0,0,0,2,0,0,378,0,476,119,4,2171,0.923076923076923,20,0,0,-11838591.9152653,0,51.6,0,18.1,0,9.3,0,0,0,0,14,0,5.3,3,6,5,TRUE
"35",4506129,0,0,0,29,2,62,4,2,1,1,21,0,0,0,0,0,0,1,0,2,0,0,1,0,0,0,30,1,0,0,0,0,0,0,0,0,29,0,69,436,0,536,3.84807864164433,0,0,0,2,0,57,0,20,0,0,0,0,0,1.4,15.5,0,5.9,3,5,7,FALSE
"36",6160,0,0,0,22,4,59,0,2,2,-884600.042100728,350.988831963727,0,0,0,0,0,0,0,0,0,0,0,0,0,0,0,462.210514228885,0,0,0,0,0,0,0,0,0,0,0,0,0,0,-2910.4687368793,-855.576064927645,17442.9472729182,0,0,-1,0,0,100,0,0,0,0,0,0,0,0,0,0,2,2,2,FALSE
"37",2947134,0,0,0,20,1,60,1,1,1,9,21,1,0,1,0,0,0,0,0,0,0,0,0,0,0,0,21,1,1,0,0,0,1,0,1,0,256,0,12,214,0,485,5.56190476190476,20,0,0,5744237.32641114,0,57,0,20,0,0,0,0,0,1.4,15.5,0,5.9,3,5,7,FALSE
"38",6122893,0,0,0,21,2,62,26,2,1,1,19,8,0,3,0,0,0,3,2,7,0,0,6,0,5,0,29,1,8,0,0,0,0,0,0,0,268,0,43,411,0,731,4.53764527539161,10,0,0,5,0,0,0,0,0,0,0,0,0,6.4,67.7,0,25.8,3,6,6,FALSE
"39",1956249,0,0,0,18,1,62,6,1,1,101,16,0,0,2,0,0,1,0,0,2,0,0,1,0,0,0,22,1,0,0,0,0,1,0,0,0,238,0,40,104,0,384,6.80858708344561,0,0,0,1557623.78849255,0,57,0,20,0,0,0,0,0,1.4,15.5,0,5.9,3,5,7,FALSE
"40",3903113,-58,0,1,37,2,64,39,2,1,2000001,21,1,3,3,2,2,0,0,2,8,1,1,6,5,5,1,26,1,1,0,0,0,0,0,0,0,256,0,31,139,0,428,4.36043689320388,20,0,0,2,0,57,0,20,0,0,0,0,0,1.4,15.5,0,5.9,3,6,9,TRUE
"41",543672,0,0,0,24,1,62,24,1,1,60,21,0,2,2,1,0,2,4,0,7,1,1,2,2,0,0,28,1,0,0,0,0,0,0,0,0,68,0,46,46,0,161,4.87194704405387,20,0,0,-36224.7908232919,0,67.5,0,23.6,0,0,0,0,0,1.7,0,0,7,3,6,9,TRUE
"42",5884,0,0,0,25,2,59,0,1,2,-885196.851331738,344.453195633096,0,0,0,0,0,0,0,0,0,0,0,0,0,0,0,458.83472523275,0,0,0,0,0,0,0,0,0,0,0,0,0,0,-2906.87364040299,-852.760326718206,17575.891858331,0,0,5,0,0,100,0,0,0,0,0,0,0,0,0,0,2,2,2,FALSE
"43",6126959,0,0,0,20,2,61,26,2,1,1,19,8,0,3,0,0,0,3,2,7,0,0,6,0,5,0,29,1,8,0,0,0,0,0,0,0,268,0,43,411,0,731,4.53953018439,10,0,0,2,0,0,0,0,0,0,0,0,0,6.4,67.7,0,25.8,3,6,6,FALSE
"44",1156,0,0,0,25,23,59,0,1,2,-885211.477582181,344.339278485831,0,0,0,0,0,0,0,0,0,0,0,0,0,0,0,458.762075728032,0,0,0,0,0,0,0,0,0,0,0,0,0,0,-2906.78542168292,-852.669910031354,17577.7687486743,0,0,-1,0,0,100,0,0,0,0,0,0,0,0,0,0,2,2,2,FALSE
"45",860113,0,0,0,36,16,62,28,9,1,1,8,0,0,6,0,0,2,0,3,4,0,0,9,0,4,0,10,1,0,0,0,0,0,0,0,0,4,0,17,3,0,25,2.13874345549738,20,1,0,0,1,67.5,0,23.6,0,0,0,0,0,1.7,0,0,7,3,6,6,FALSE
"46",2669106,0,0,0,19,1,60,10,1,1,9,14,0,0,4,0,0,0,0,0,5,0,0,1,0,0,0,22,3,0,0,0,2,0,0,0,0,7,0,34,2,0,48,2.41531176793102,20,0,0,8042491.8322684,0,49.3,0,17.3,0,8.9,0,0,17.9,0,0,0,5.1,3,4,1,FALSE
"47",1955964,0,0,0,21,1,62,6,1,1,101,16,0,0,2,0,0,1,0,0,2,0,0,1,0,0,0,22,1,0,0,0,0,1,0,0,0,238,0,40,104,0,384,6.80977186994791,0,0,0,1557628.02104323,0,57,0,20,0,0,0,0,0,1.4,15.5,0,5.9,3,5,7,FALSE
"48",2669106,0,0,0,20,1,61,10,1,1,9,14,0,0,4,0,0,0,0,0,5,0,0,1,0,0,0,22,3,0,0,0,2,0,0,0,0,7,0,34,2,0,48,2.41531176793102,20,0,0,8042493.95980577,0,49.3,0,17.3,0,8.9,0,0,17.9,0,0,0,5.1,3,4,1,FALSE
"49",15721098,0,0,0,16,1,60,34,1,1,41,19,10,0,8,0,0,3,0,1,10,0,0,8,1,2,1,22,1,10,0,5,0,0,0,10,0,152,0,51,271,0,490,5.09360967184801,20,0,0,-12464301.9507859,0,0,0,72.9,0,0,0,0,0,5.4,0,0,21.6,3,6,3,TRUE
"50",63071192,0,0,0,15,7,62,4,1,1,1,19,0,0,1,0,1,0,0,0,1,0,0,1,0,0,0,26,0,0,0,0,0,0,0,0,0,0,16,984,0,0,1655,18.4865327062847,20,1,0,1,0,0,0,72.9,0,0,0,0,0,5.4,0,0,21.6,3,6,5,TRUE
"51",4804236,0,0,0,27,1,63,15,1,1,25,10,0,0,1,0,0,0,0,2,5,0,0,3,0,4,0,21,1,0,0,1,1,0,0,0,0,774,0,12,139,0,928,4.23851120394987,20,0,0,19052709.3363345,0,57,0,20,0,0,0,0,0,1.4,15.5,0,5.9,3,5,6,FALSE
"52",601452,0,0,0,25,1,61,2,1,1,102,11,0,0,1,0,0,0,0,0,1,0,0,0,0,0,0,22,1,0,0,0,0,0,0,0,0,36,0,5,19,0,61,4.87863070539419,20,0,0,6567391.2397898,0,59.2,0,20.7,0,0,12.3,0,0,1.5,0,0,6.1,3,5,7,FALSE
"53",3035852,0,0,0,21,2,59,27,2,1,1,19,4,0,4,0,0,0,3,2,7,0,0,6,0,5,0,29,1,4,0,0,0,0,0,0,0,282,0,11,414,0,712,4.56073833873784,10,0,0,-3,0,0,0,72.9,0,0,0,0,0,5.4,0,0,21.6,3,6,6,FALSE
"54",1956174,0,0,0,20,1,61,6,1,1,101,16,0,0,2,0,0,1,0,0,2,0,0,1,0,0,0,22,1,0,0,0,0,1,0,0,0,238,0,40,104,0,384,6.80977186994791,0,0,0,1557625.89234223,0,57,0,20,0,0,0,0,0,1.4,15.5,0,5.9,3,5,7,FALSE
"55",14898946,0,0,0,15,1,63,34,1,1,41,19,10,0,8,0,0,3,0,1,10,0,0,8,1,2,1,22,1,10,2,3,0,0,0,10,0,144,0,64,271,0,495,5.09097186259278,20,0,0,-12462438.4734244,0,67.5,0,23.6,0,0,0,0,0,1.7,0,0,7,3,6,3,TRUE
"56",10186,0,0,0,30,1,62,26,1,1,1,10,0,0,5,0,0,2,0,1,6,0,0,9,0,3,0,17,1,0,0,0,0,0,0,0,0,0,0,4,1,0,7,4.14709371293001,20,0,0,-7739060.05440739,0,0,0,72.9,0,0,0,0,0,5.4,0,0,21.6,3,6,6,FALSE
"57",1156,0,0,0,25,5,59,0,3,2,-884004.697442746,357.531398189808,0,0,0,0,0,0,0,0,0,0,0,0,0,0,0,465.610407716857,0,0,0,0,0,0,0,0,0,0,0,0,0,0,-2914.04825616961,-858.944888896007,17310.665998416,0,0,3,0,0,100,0,0,0,0,0,0,0,0,0,0,2,2,2,FALSE
"58",15410862,0,0,0,18,1,63,34,1,1,41,19,10,0,8,0,0,3,0,1,10,0,0,8,1,2,1,22,1,10,55,0,3,1,0,10,0,155,0,73,271,0,569,5.09889349930844,20,0,0,-12434935.8694579,0,57,0,20,0,0,0,0,0,1.4,15.5,0,5.9,3,6,3,TRUE
"59",153424,0,0,0,26,2,60,0,2,2,-884600.974566595,350.980193510489,0,0,0,0,0,0,0,0,0,0,0,0,0,0,0,462.23168836475,0,0,0,0,0,0,0,0,0,0,0,0,0,0,-2910.47271753652,-855.911583557146,17443.1563144544,0,0,1,0,0,100,0,0,0,0,0,0,0,0,0,0,2,2,2,FALSE
"60",3394334,0,0,0,26,5,64,26,2,1,1,19,4,0,3,0,0,0,3,2,7,0,0,6,0,5,0,29,1,4,0,0,0,0,0,0,0,268,0,45,411,0,729,4.60441251924064,0,0,0,6,0,57,0,20,0,0,0,0,0,1.4,15.5,0,5.9,3,6,6,FALSE
"61",214120,0,0,0,22,4,59,0,2,2,-917133.093881198,99.3336508715162,0,0,0,0,0,0,0,0,0,0,0,0,0,0,0,695.077815579354,0,0,0,0,0,0,0,0,0,0,0,0,0,0,-4137.88074895249,-886.352487216782,15548.2671105072,0,0,-2,1,0,100,0,0,0,0,0,0,0,0,0,0,2,2,2,FALSE
"62",17984,0,0,0,23,2,59,0,2,2,-884599.029487272,350.999247426991,0,0,0,0,0,0,0,0,0,0,0,0,0,0,0,462.220518032577,0,0,0,0,0,0,0,0,0,0,0,0,0,0,-2910.4744371658,-855.675578429554,17442.8939619097,0,0,4,0,0,100,0,0,0,0,0,0,0,0,0,0,2,2,2,FALSE
"63",7108008,0,0,0,16,3,59,0,2,2,-884608.838516655,350.597471510551,0,0,0,0,0,0,0,0,0,0,0,0,0,0,0,461.987782193578,0,0,0,0,0,0,0,0,0,0,0,0,0,0,-2910.83614136442,-854.7077199516,17442.1009840684,0,0,2,0,0,100,0,0,0,0,0,0,0,0,0,0,2,2,2,FALSE
"64",107759215,0,0,0,17,1,60,6,1,1,1,21,0,0,1,0,0,0,2,0,3,0,0,0,0,0,0,30,1,0,0,0,0,0,0,0,0,185,0,11,410,1,608,3.44859101294745,20,0,0,-1870845.21366648,0,48.1,0,16.8,0,0,0,0,0,0,13.1,15.6,5,3,5,7,FALSE
"65",183459,0,0,0,31,11,61,10,5,1,1,8,0,0,1,0,0,0,0,1,2,0,0,1,2,1,2,37.5661391597943,1,0,0,0,0,2,0,0,0,4,0,5,2,0,14,2.23846153846154,20,0,0,-1,0,67.5,0,23.6,0,0,0,0,0,1.7,0,0,7,3,5,7,FALSE
"66",2669106,0,0,0,19,1,60,10,1,1,9,14,0,0,4,0,0,0,0,0,5,0,0,1,0,0,0,22,3,0,0,0,2,0,0,0,0,7,0,34,2,0,48,2.41531176793102,20,0,0,8042491.8322684,0,49.3,0,17.3,0,8.9,0,0,17.9,0,0,0,5.1,3,4,1,FALSE
"67",1956249,0,0,0,17,1,62,6,1,1,101,16,0,0,2,0,0,1,0,0,2,0,0,1,0,0,0,22,1,0,0,0,0,1,0,0,0,238,0,40,104,0,384,6.80858708344561,0,0,0,1557622.38061321,0,57,0,20,0,0,0,0,0,1.4,15.5,0,5.9,3,5,7,FALSE
"68",3758923,0,0,0,20,1,63,27,1,1,1,17,4,2,2,1,0,2,3,0,6,1,1,3,4,0,2,29,1,4,0,0,0,1,0,0,0,59,0,6,19,0,90,3.80049875311721,788,0,0,-8842426.46773816,0,67.5,0,23.6,0,0,0,0,0,1.7,0,0,7,3,6,9,TRUE
"69",1998932,0,0,0,16,1,59,0,1,2,-885196.172506333,344.345814790351,0,0,0,0,0,0,0,0,0,0,0,0,0,0,0,458.749732220261,0,0,0,0,0,0,0,0,0,0,0,0,0,0,-2907.00355392956,-851.850885434222,17574.6722706232,0,0,4.05474743741797,0,0,100,0,0,0,0,0,0,0,0,0,0,2,2,2,FALSE
"70",6122862,-1,0,1,23,2,62,26,2,1,1,19,8,0,3,0,0,0,3,2,7,0,0,6,0,5,0,29,1,8,0,0,0,0,0,0,0,268,0,43,411,0,731,4.53548875978783,10,0,0,3,0,0,0,0,0,0,0,0,0,6.4,67.7,0,25.8,3,6,6,FALSE
"71",5904,0,0,0,23,4,59,0,2,2,-884600.403364007,350.989045992654,0,0,0,0,0,0,0,0,0,0,0,0,0,0,0,462.213935899086,0,0,0,0,0,0,0,0,0,0,0,0,0,0,-2910.46547254833,-855.667498102441,17443.0727202977,0,0,-2,0,0,100,0,0,0,0,0,0,0,0,0,0,2,2,2,FALSE
"72",2111216,0,0,0,16,2,59,0,2,2,-884599.935419492,350.881248337853,0,0,0,0,0,0,0,0,0,0,0,0,0,0,0,462.135985572775,0,0,0,0,0,0,0,0,0,0,0,0,0,0,-2910.59850534429,-854.940091847638,17442.0145845825,0,0,9,0,0,100,0,0,0,0,0,0,0,0,0,0,2,2,2,FALSE
"73",621512,0,0,0,26,3,58,0,2,2,-884601.164976366,350.972899558171,0,0,0,0,0,0,0,0,0,0,0,0,0,0,0,462.204962219459,0,0,0,0,0,0,0,0,0,0,0,0,0,0,-2910.48821843371,-855.950059548921,17443.4732281913,0,0,2,0,0,100,0,0,0,0,0,0,0,0,0,0,2,2,2,FALSE
"74",2669106,0,0,0,17,1,59,10,1,1,9,14,0,0,4,0,0,0,0,0,5,0,0,1,0,0,0,22,3,0,0,0,2,0,0,0,0,7,0,34,2,0,48,2.41531176793102,20,0,0,8042488.29685168,0,49.3,0,17.3,0,8.9,0,0,17.9,0,0,0,5.1,3,4,1,FALSE
"75",14498070,0,0,0,21,6,63,23,3,1,53,8,0,0,10,0,0,2,0,2,3,0,0,5,0,1,0,15,0,1,0,0,0,6,0,190,4,580,0,144,232,1,1602,2.83525073155089,20,1,1,1,0,59.2,0,20.7,12.3,0,0,0,0,1.5,0,0,6.1,3,1,10,TRUE
"76",7612932,0,0,0,17,2,59,0,2,2,-917142.042827405,98.9313853693772,0,0,0,0,0,0,0,0,0,0,0,0,0,0,0,694.853361944776,0,0,0,0,0,0,0,0,0,0,0,0,0,0,-4138.26346343666,-885.566325979519,15547.456716415,0,0,3,1,0,100,0,0,0,0,0,0,0,0,0,0,2,2,2,FALSE
"77",2669106,0,0,0,20,1,62,10,1,1,9,14,0,0,4,0,0,0,0,0,5,0,0,1,0,0,0,22,3,0,0,0,2,0,0,0,0,7,0,34,2,0,48,2.41531176793102,20,0,0,8042494.6794638,0,49.3,0,17.3,0,8.9,0,0,17.9,0,0,0,5.1,3,4,1,FALSE
"78",699499,0,0,0,17,1,62,28,1,1,999,21,0,0,8,0,0,2,0,0,7,0,0,10,0,1,0,22,2,0,0,0,0,0,0,0,0,22,0,5,21,0,50,2.37031470173791,10,0,0,-16907949.8020959,0,67.5,0,23.6,0,0,0,0,0,1.7,0,0,7,3,5,7,FALSE
"79",4531604,0,0,0,15,20,58,0,5,2,-915356.809790277,118.658242857483,0,0,0,0,0,0,0,0,0,0,0,0,0,0,0,705.047463630205,0,0,0,0,0,0,0,0,0,0,0,0,0,0,-4148.82506311891,-894.774449981707,15150.6893421374,0,0,1,1,0,100,0,0,0,0,0,0,0,0,0,0,2,2,2,FALSE
"80",586168,0,0,0,27,33,60,0,2,2,-884623.649540382,350.787735662007,0,0,0,0,0,0,0,0,0,0,0,0,0,0,0,462.115121059166,0,0,0,0,0,0,0,0,0,0,0,0,0,0,-2910.3605189274,-855.849463600685,17446.0521474299,0,0,2,0,0,100,0,0,0,0,0,0,0,0,0,0,2,2,2,FALSE
"81",8728803,0,0,0,16,1,63,9,1,1,7,21,0,0,2,0,0,0,3,0,4,0,0,0,0,0,0,28,1,16,0,0,0,10,0,0,0,469,0,35,316,0,847,2.92646382939608,0,0,0,15021374.4476502,0,67.5,0,23.6,0,0,0,0,0,1.7,0,0,7,3,5,7,FALSE
"82",2249530,0,0,0,16,1,62,6,1,1,1,21,0,0,2,0,0,0,0,0,0,0,0,3,0,1,0,29,1,0,0,0,0,1,0,0,0,183,0,28,183,0,396,3.10357815442561,0,0,0,652655.359451551,0,57,0,20,0,0,0,0,0,1.4,15.5,0,5.9,3,5,7,FALSE
"83",730228,0,0,0,15,2,58,0,2,2,-884596.668142163,350.970083388515,0,0,0,0,0,0,0,0,0,0,0,0,0,0,0,462.167722363642,0,0,0,0,0,0,0,0,0,0,0,0,0,0,-2910.53344123298,-854.94377712987,17442.0038683455,0,0,3,0,0,100,0,0,0,0,0,0,0,0,0,0,2,2,2,FALSE
"84",2669106,0,0,0,21,1,61,10,1,1,9,14,0,0,4,0,0,0,0,0,5,0,0,1,0,0,0,22,3,0,0,0,2,0,0,0,0,7,0,34,2,0,48,2.41531176793102,20,0,0,8042495.36768511,0,49.3,0,17.3,0,8.9,0,0,17.9,0,0,0,5.1,3,4,1,FALSE
"85",178355426,0,0,0,15,1,61,24,1,1,15522,18,4,1,2,1,0,0,4,0,12,1,1,1,1,0,0,29,1,43,3,2,0,0,6,0,0,382,0,473,89,1,1979,4.50560271646859,20,0,0,61546345.370245,0,57,0,20,0,0,0,0,0,1.4,15.5,0,5.9,3,6,5,TRUE
"86",20316,0,0,0,19,1,59,0,1,2,-885194.008073316,344.456630272334,0,0,0,0,0,0,0,0,0,0,0,0,0,0,0,458.817287687016,0,0,0,0,0,0,0,0,0,0,0,0,0,0,-2906.89804050222,-852.215454921784,17575.0497907763,0,0,3.76404055213789,0,0,100,0,0,0,0,0,0,0,0,0,0,2,2,2,FALSE
"87",332868,0,0,0,23,3,60,0,2,2,-884600.8810745,350.964161347164,0,0,0,0,0,0,0,0,0,0,0,0,0,0,0,462.212781793383,0,0,0,0,0,0,0,0,0,0,0,0,0,0,-2910.48696778315,-855.624813339401,17442.8692414922,0,0,0,0,0,100,0,0,0,0,0,0,0,0,0,0,2,2,2,FALSE
"88",773772,0,0,0,35,1,62,34,1,1,1,10,0,0,7,0,0,2,0,1,11,0,0,11,0,2,0,22,1,0,0,0,0,0,0,0,0,250,0,5,175,0,431,4.09775343483104,20,0,0,-9717583.69721753,0,57,0,20,0,0,0,0,0,1.4,15.5,0,5.9,3,6,6,FALSE
"89",6012,0,0,0,27,2,59,0,2,2,-884600.456560471,351.000713386491,0,0,0,0,0,0,0,0,0,0,0,0,0,0,0,462.234521833759,0,0,0,0,0,0,0,0,0,0,0,0,0,0,-2910.46084999976,-856.041810800861,17443.3957579485,0,0,11,0,0,100,0,0,0,0,0,0,0,0,0,0,2,2,2,FALSE
"90",14941837,0,0,0,17,1,63,34,1,1,41,19,10,0,8,0,0,3,0,1,10,0,0,8,1,2,1,22,1,10,0,0,1,0,0,10,0,144,0,69,271,0,496,5.09360967184801,20,0,0,-12462064.241596,0,67.5,0,23.6,0,0,0,0,0,1.7,0,0,7,3,6,3,TRUE
"91",1152,0,0,0,26,29,59,0,1,2,-917748.730653971,92.6632585166768,0,0,0,0,0,0,0,0,0,0,0,0,0,0,0,691.618019099933,0,0,0,0,0,0,0,0,0,0,0,0,0,0,-4134.15897716382,-883.521350398453,15683.7504109339,0,0,1,1,0,100,0,0,0,0,0,0,0,0,0,0,2,2,2,FALSE
"92",1914076,0,0,0,22,5,59,0,2,2,-884603.872332019,350.877116870332,0,0,0,0,0,0,0,0,0,0,0,0,0,0,0,462.151783405237,0,0,0,0,0,0,0,0,0,0,0,0,0,0,-2910.55688287154,-855.484670863477,17443.0355121518,0,0,1,0,0,100,0,0,0,0,0,0,0,0,0,0,2,2,2,FALSE
"93",560344,0,0,0,25,2,60,0,2,2,-884601.281168237,350.957326803709,0,0,0,0,0,0,0,0,0,0,0,0,0,0,0,462.216487242306,0,0,0,0,0,0,0,0,0,0,0,0,0,0,-2910.49566288178,-855.8015900358,17443.0306248641,0,0,7,0,0,100,0,0,0,0,0,0,0,0,0,0,2,2,2,FALSE
"94",5884,0,0,0,27,2,60,0,1,2,-885198.212294029,344.44148645307,0,0,0,0,0,0,0,0,0,0,0,0,0,0,0,458.846404472674,0,0,0,0,0,0,0,0,0,0,0,0,0,0,-2906.86861792657,-852.911091903721,17576.0288443172,0,0,9,0,0,100,0,0,0,0,0,0,0,0,0,0,2,2,2,FALSE
"95",4804230,0,0,0,28,1,63,15,1,1,25,10,0,0,1,0,0,0,0,2,5,0,0,3,0,4,0,21,1,0,0,1,1,0,0,0,0,774,0,12,139,0,928,4.23851120394987,20,0,0,19052710.7442471,0,57,0,20,0,0,0,0,0,1.4,15.5,0,5.9,3,5,6,FALSE
"96",6000,0,0,0,27,4,59,0,2,2,-884601.850256501,350.989839720247,0,0,0,0,0,0,0,0,0,0,0,0,0,0,0,462.227590137901,0,0,0,0,0,0,0,0,0,0,0,0,0,0,-2910.45246942828,-856.033179684256,17443.5745091488,0,0,1,0,0,100,0,0,0,0,0,0,0,0,0,0,2,2,2,FALSE
"97",674204,0,0,0,15,3,58,0,2,2,-884597.272991729,350.967766963661,0,0,0,0,0,0,0,0,0,0,0,0,0,0,0,462.165879136244,0,0,0,0,0,0,0,0,0,0,0,0,0,0,-2910.52653988588,-854.942018260862,17442.0932773102,0,0,4,0,0,100,0,0,0,0,0,0,0,0,0,0,2,2,2,FALSE
"98",2678380,0,0,0,20,1,60,6,1,1,101,16,0,0,2,0,0,1,0,0,2,0,0,1,0,0,0,22,1,0,0,0,0,1,0,0,0,238,0,53,104,0,397,6.80826594788859,0,0,0,1562452.44783307,0,57,0,20,0,0,0,0,0,1.4,15.5,0,5.9,3,5,7,FALSE
"99",2228618,0,0,0,16,1,59,6,1,1,1,21,0,0,2,0,0,0,0,0,0,0,0,3,0,1,0,29,1,0,0,0,0,1,0,0,0,183,0,28,183,0,396,3.08903467666354,0,0,0,652653.226332131,0,57,0,20,0,0,0,0,0,1.4,15.5,0,5.9,3,5,7,FALSE
"100",2669106,0,0,0,21,1,62,10,1,1,9,14,0,0,4,0,0,0,0,0,5,0,0,1,0,0,0,22,3,0,0,0,2,0,0,0,0,7,0,34,2,0,48,2.41531176793102,20,0,0,8042496.08734315,0,49.3,0,17.3,0,8.9,0,0,17.9,0,0,0,5.1,3,4,1,FALSE
"101",356169,0,0,0,21,1,60,3,1,1,1,14,0,0,2,0,0,0,0,0,1,0,0,0,0,0,0,21,1,0,0,0,0,1,0,0,0,5,0,6,5,0,18,2.8705035971223,20,0,0,6554113.04958932,0,67.5,0,23.6,0,0,0,0,0,1.7,0,0,7,3,5,7,FALSE
"102",5996,0,0,0,24,3,60,0,2,2,-884600.705935813,350.982569086448,0,0,0,0,0,0,0,0,0,0,0,0,0,0,0,462.225664240967,0,0,0,0,0,0,0,0,0,0,0,0,0,0,-2910.46789646125,-855.731153430353,17442.9948834055,0,0,5,0,0,100,0,0,0,0,0,0,0,0,0,0,2,2,2,FALSE
"103",53604603,0,0,0,16,3,63,18,3,1,16,19,8,1,2,1,0,2,2,0,4,1,1,3,1,0,0,27,1,8,0,0,0,0,0,0,0,276,60,126,156,0,627,5.18992102294095,20,1,0,1,0,57,0,20,0,0,0,0,0,1.4,15.5,0,5.9,3,6,5,TRUE
"104",787644,0,0,0,16,2,58,0,2,2,-884597.124120257,350.9670848753,0,0,0,0,0,0,0,0,0,0,0,0,0,0,0,462.169473503454,0,0,0,0,0,0,0,0,0,0,0,0,0,0,-2910.53296801079,-855.032578125999,17442.1292813754,0,0,7,0,0,100,0,0,0,0,0,0,0,0,0,0,2,2,2,FALSE
"105",21035680,0,0,0,23,1,63,58,1,1,2017011016,16,11,3,5,2,3,3,0,2,14,2,2,9,8,2,3,26,3,37,0,2,0,1,0,0,0,430,0,51,471,5,1021,3.14388810831524,20,0,0,23070954231.2433,0,43.2,0,15.1,0,0,0,24.1,0,0,11.7,0,4.4,1,7,4,TRUE
"106",2669106,0,0,0,17,1,53,10,1,1,9,14,0,0,4,0,0,0,0,0,5,0,0,1,0,0,0,22,3,0,0,0,2,0,0,0,0,7,0,34,2,0,48,2.41531176793102,20,0,0,8042483.9789035,0,49.3,0,17.3,0,8.9,0,0,17.9,0,0,0,5.1,3,4,1,FALSE
"107",2669106,0,0,0,23,1,61,10,1,1,9,14,0,0,4,0,0,0,0,0,5,0,0,1,0,0,0,22,3,0,0,0,2,0,0,0,0,7,0,34,2,0,48,2.41531176793102,20,0,0,8042498.18344379,0,49.3,0,17.3,0,8.9,0,0,17.9,0,0,0,5.1,3,4,1,FALSE
"108",14898948,0,0,0,17,1,62,34,1,1,41,19,10,0,8,0,0,3,0,1,10,0,0,8,1,2,1,22,1,10,2,3,0,0,0,10,0,144,0,64,271,0,495,5.09360967184801,20,0,0,-12462436.3610076,0,67.5,0,23.6,0,0,0,0,0,1.7,0,0,7,3,6,3,TRUE
"109",1975464,0,0,0,19,1,62,6,1,1,101,16,0,0,2,0,0,1,0,0,2,0,0,1,0,0,0,22,1,0,0,0,0,1,0,0,0,238,0,41,108,0,389,6.80797915356276,0,0,0,1559483.27315434,0,57,0,20,0,0,0,0,0,1.4,15.5,0,5.9,3,5,7,FALSE
"110",6122851,0,0,0,19,4,60,26,2,1,1,19,8,0,3,0,0,0,3,2,7,0,0,6,0,5,0,29,1,8,0,0,0,0,0,0,0,268,0,43,411,0,731,4.55070993914807,10,0,0,1,0,0,0,0,0,0,0,0,0,6.4,67.7,0,25.8,3,6,6,FALSE
"111",4385200,0,0,0,21,29,59,0,1,2,-885221.411916859,344.061649059948,0,0,0,0,0,0,0,0,0,0,0,0,0,0,0,458.600634113604,0,0,0,0,0,0,0,0,0,0,0,0,0,0,-2906.98546078439,-852.078239133733,17577.8006021901,0,0,1,0,0,100,0,0,0,0,0,0,0,0,0,0,2,2,2,FALSE
"112",3916196,0,0,0,15,1,59,0,1,2,-885198.959548282,344.238816377592,0,0,0,0,0,0,0,0,0,0,0,0,0,0,0,458.690782388757,0,0,0,0,0,0,0,0,0,0,0,0,0,0,-2907.09959426687,-851.671959064009,17574.5456814655,0,0,4.31216087413486,0,0,100,0,0,0,0,0,0,0,0,0,0,2,2,2,FALSE
"113",2669106,0,0,0,20,1,59,10,1,1,9,14,0,0,4,0,0,0,0,0,5,0,0,1,0,0,0,22,3,0,0,0,2,0,0,0,0,7,0,34,2,0,48,2.41531176793102,20,0,0,8042492.5204897,0,49.3,0,17.3,0,8.9,0,0,17.9,0,0,0,5.1,3,4,1,FALSE
"114",2249617,0,0,0,16,1,61,6,1,1,1,21,0,0,2,0,0,0,0,0,0,0,0,3,0,1,0,29,1,0,0,0,0,1,0,0,0,183,0,28,183,0,396,3.08239700374532,0,0,0,652654.508206771,0,57,0,20,0,0,0,0,0,1.4,15.5,0,5.9,3,5,7,FALSE
"115",2111871,0,0,0,23,1,62,5,1,1,101,16,0,0,1,0,0,1,0,0,2,0,0,1,0,0,0,22,1,0,0,0,0,1,0,0,0,238,0,42,104,0,386,6.81524135138783,0,0,0,1552229.58241517,0,57,0,20,0,0,0,0,0,1.4,15.5,0,5.9,3,5,7,FALSE
"116",5988,0,0,0,24,3,59,0,2,2,-884600.0683278,350.994678249675,0,0,0,0,0,0,0,0,0,0,0,0,0,0,0,462.220813742551,0,0,0,0,0,0,0,0,0,0,0,0,0,0,-2910.46641466745,-855.763231591614,17443.1087918781,0,0,1,0,0,100,0,0,0,0,0,0,0,0,0,0,2,2,2,FALSE
"117",5892,0,0,0,25,2,60,0,1,2,-885197.488939751,344.441086469868,0,0,0,0,0,0,0,0,0,0,0,0,0,0,0,458.839575731168,0,0,0,0,0,0,0,0,0,0,0,0,0,0,-2906.87512219678,-852.728248556939,17575.7779498584,0,0,4,0,0,100,0,0,0,0,0,0,0,0,0,0,2,2,2,FALSE
"118",586008,0,0,0,17,1,59,0,1,2,-885194.213742753,344.424719613442,0,0,0,0,0,0,0,0,0,0,0,0,0,0,0,458.79407331102,0,0,0,0,0,0,0,0,0,0,0,0,0,0,-2906.93192175906,-852.006793476836,17574.7985593938,0,0,3.86169796506874,0,0,100,0,0,0,0,0,0,0,0,0,0,2,2,2,FALSE
"119",14898951,0,0,0,17,1,63,34,1,1,41,19,10,0,8,0,0,3,0,1,10,0,0,8,1,2,1,22,1,10,2,3,0,0,0,10,0,144,0,64,271,0,495,5.09185082872928,20,0,0,-12462435.6522529,0,67.5,0,23.6,0,0,0,0,0,1.7,0,0,7,3,6,3,TRUE
"120",659384,0,0,0,23,2,59,0,2,2,-884600.082859492,350.963519092112,0,0,0,0,0,0,0,0,0,0,0,0,0,0,0,462.201939204185,0,0,0,0,0,0,0,0,0,0,0,0,0,0,-2910.5054785232,-855.646304615593,17442.8935798891,0,0,3,0,0,100,0,0,0,0,0,0,0,0,0,0,2,2,2,FALSE
"121",2669106,0,0,0,17,1,62,10,1,1,9,14,0,0,4,0,0,0,0,0,5,0,0,1,0,0,0,22,3,0,0,0,2,0,0,0,0,7,0,34,2,0,48,2.41531176793102,20,0,0,8042490.45582578,0,49.3,0,17.3,0,8.9,0,0,17.9,0,0,0,5.1,3,4,1,FALSE
"122",6008,0,0,0,28,5,59,0,2,2,-884602.908811216,350.984601876061,0,0,0,0,0,0,0,0,0,0,0,0,0,0,0,462.227538139336,0,0,0,0,0,0,0,0,0,0,0,0,0,0,-2910.44502787857,-856.120284977812,17443.7893319675,0,0,1,0,0,100,0,0,0,0,0,0,0,0,0,0,2,2,2,FALSE
"123",6040,0,0,0,21,2,59,0,2,2,-884598.286504206,350.99951321407,0,0,0,0,0,0,0,0,0,0,0,0,0,0,0,462.214035493373,0,0,0,0,0,0,0,0,0,0,0,0,0,0,-2910.48036300399,-855.493280577981,17442.6430745696,0,0,4,0,0,100,0,0,0,0,0,0,0,0,0,0,2,2,2,FALSE
"124",1719960,0,0,0,17,1,62,49,1,1,1,19,0,2,4,3,0,2,3,1,12,2,2,8,6,1,3,27,1,0,0,0,0,0,0,0,0,48,0,12,42,0,103,3.01970149253731,20,0,0,-6496463.34201006,0,67.5,0,23.6,0,0,0,0,0,1.7,0,0,7,3,6,9,TRUE
"125",3390238,0,0,0,26,2,63,26,2,1,1,19,4,0,3,0,0,0,3,2,7,0,0,6,0,5,0,29,1,4,0,0,0,0,0,0,0,268,0,45,411,0,729,4.60795892169448,0,0,0,0,0,57,0,20,0,0,0,0,0,1.4,15.5,0,5.9,3,6,6,FALSE
"126",2669106,0,0,0,17,1,56,10,1,1,9,14,0,0,4,0,0,0,0,0,5,0,0,1,0,0,0,22,3,0,0,0,2,0,0,0,0,7,0,34,2,0,48,2.41531176793102,20,0,0,8042486.13787759,0,49.3,0,17.3,0,8.9,0,0,17.9,0,0,0,5.1,3,4,1,FALSE
"127",2667888,0,0,0,20,1,62,10,1,1,9,14,0,0,4,0,0,0,0,0,5,0,0,1,0,0,0,22,3,0,0,0,2,0,0,0,0,7,0,34,2,0,48,2.59426074749233,20,0,0,8042495.7938508,0,49.3,0,17.3,0,8.9,0,0,17.9,0,0,0,5.1,3,4,1,FALSE
"128",2669106,0,0,0,21,1,61,10,1,1,9,14,0,0,4,0,0,0,0,0,5,0,0,1,0,0,0,22,3,0,0,0,2,0,0,0,0,7,0,34,2,0,48,2.41531176793102,20,0,0,8042495.36768511,0,49.3,0,17.3,0,8.9,0,0,17.9,0,0,0,5.1,3,4,1,FALSE
"129",2667641,0,0,0,22,1,60,10,1,1,9,14,0,0,4,0,0,0,0,0,5,0,0,1,0,0,0,22,3,0,0,0,2,0,0,0,0,7,0,34,2,0,48,2.41531176793102,20,0,0,8042496.06402404,0,49.3,0,17.3,0,8.9,0,0,17.9,0,0,0,5.1,3,4,1,FALSE
"130",2669106,0,0,0,21,1,62,10,1,1,9,14,0,0,4,0,0,0,0,0,5,0,0,1,0,0,0,22,3,0,0,0,2,0,0,0,0,7,0,34,2,0,48,2.41531176793102,20,0,0,8042496.08734315,0,49.3,0,17.3,0,8.9,0,0,17.9,0,0,0,5.1,3,4,1,FALSE
"131",14909972,0,0,0,16,1,63,34,1,1,41,19,10,0,8,0,0,3,0,1,10,0,0,8,1,2,1,22,1,10,2,3,0,0,0,10,0,144,0,64,271,0,495,5.09625021600138,20,0,0,-12462437.0939692,0,67.5,0,23.6,0,0,0,0,0,1.7,0,0,7,3,6,3,TRUE
"132",2150408,0,0,0,17,3,59,0,2,2,-884601.058326152,350.873827801002,0,0,0,0,0,0,0,0,0,0,0,0,0,0,0,462.13479856827,0,0,0,0,0,0,0,0,0,0,0,0,0,0,-2910.5929601534,-855.025408764001,17442.2293840633,0,0,2,0,0,100,0,0,0,0,0,0,0,0,0,0,2,2,2,FALSE
"133",1956125,0,0,0,20,1,62,6,1,1,101,16,0,0,2,0,0,1,0,0,2,0,0,1,0,0,0,22,1,0,0,0,0,1,0,0,0,238,0,40,104,0,384,6.81033475623455,0,0,0,1557626.61575586,0,57,0,20,0,0,0,0,0,1.4,15.5,0,5.9,3,5,7,FALSE
"134",2669106,0,0,0,21,1,60,10,1,1,9,14,0,0,4,0,0,0,0,0,5,0,0,1,0,0,0,22,3,0,0,0,2,0,0,0,0,7,0,34,2,0,48,2.41531176793102,20,0,0,8042494.64802708,0,49.3,0,17.3,0,8.9,0,0,17.9,0,0,0,5.1,3,4,1,FALSE
"135",3357189,0,0,0,23,2,62,27,2,1,1,19,4,0,4,0,0,0,3,2,7,0,0,6,0,5,0,29,1,4,0,0,0,0,0,0,0,282,0,11,414,0,712,4.56415376934598,10,0,0,-1,0,0,0,72.9,0,0,0,0,0,5.4,0,0,21.6,3,6,6,FALSE
"136",3421363,0,0,0,28,1,64,2,1,1,100001,15,6,0,2,0,0,0,0,0,0,0,0,0,0,0,0,26,1,6,4,4,0,3,0,2,1,304,0,64,253,0,641,3.25183842568617,0,0,0,6953993.98324873,0,67.5,0,23.6,0,0,0,0,0,1.7,0,0,7,3,5,7,FALSE
"137",10898768,0,0,0,17,2,58,0,2,2,-884614.091318679,350.404057914626,0,0,0,0,0,0,0,0,0,0,0,0,0,0,0,461.880008373168,0,0,0,0,0,0,0,0,0,0,0,0,0,0,-2911.01905659595,-854.662522905152,17442.2487063739,0,0,4,0,0,100,0,0,0,0,0,0,0,0,0,0,2,2,2,FALSE
"138",3394319,0,0,0,26,2,64,26,2,1,1,19,4,0,3,0,0,0,3,2,7,0,0,6,0,5,0,29,1,4,0,0,0,0,0,0,0,268,0,45,411,0,729,4.6106399383192,0,0,0,3,0,57,0,20,0,0,0,0,0,1.4,15.5,0,5.9,3,6,6,FALSE
"139",2669106,0,0,0,18,1,58,10,1,1,9,14,0,0,4,0,0,0,0,0,5,0,0,1,0,0,0,22,3,0,0,0,2,0,0,0,0,7,0,34,2,0,48,2.41531176793102,20,0,0,8042488.985073,0,49.3,0,17.3,0,8.9,0,0,17.9,0,0,0,5.1,3,4,1,FALSE
"140",1913112,0,0,0,20,4,59,0,2,2,-884602.450523555,350.882208198443,0,0,0,0,0,0,0,0,0,0,0,0,0,0,0,462.148448840464,0,0,0,0,0,0,0,0,0,0,0,0,0,0,-2910.56753009595,-855.306187711407,17442.6952426754,0,0,1,0,0,100,0,0,0,0,0,0,0,0,0,0,2,2,2,FALSE
"141",2667641,0,0,0,21,1,62,10,1,1,9,14,0,0,4,0,0,0,0,0,5,0,0,1,0,0,0,22,3,0,0,0,2,0,0,0,0,7,0,34,2,0,48,2.41531176793102,20,0,0,8042496.09546077,0,49.3,0,17.3,0,8.9,0,0,17.9,0,0,0,5.1,3,4,1,FALSE
"142",5996,0,0,0,28,5,60,0,1,2,-885200.664735282,344.425368481014,0,0,0,0,0,0,0,0,0,0,0,0,0,0,0,458.839417418188,0,0,0,0,0,0,0,0,0,0,0,0,0,0,-2906.85280141934,-852.989560786373,17576.4224182671,0,0,0,0,0,100,0,0,0,0,0,0,0,0,0,0,2,2,2,FALSE
"143",5900,0,0,0,20,3,52,0,2,2,-884594.158284319,351.078645099632,0,0,0,0,0,0,0,0,0,0,0,0,0,0,0,462.173204160984,0,0,0,0,0,0,0,0,0,0,0,0,0,0,-2910.46904832829,-855.622094217716,17443.4043622966,0,0,1,0,0,100,0,0,0,0,0,0,0,0,0,0,2,2,2,FALSE
"144",4804230,0,0,0,23,1,57,15,1,1,25,10,0,0,1,0,0,0,0,2,5,0,0,3,0,4,0,21,1,0,0,1,1,0,0,0,0,774,0,12,139,0,928,4.23851120394987,20,0,0,19052699.3869022,0,57,0,20,0,0,0,0,0,1.4,15.5,0,5.9,3,5,6,FALSE
"145",1956297,0,0,0,20,1,62,6,1,1,101,16,0,0,2,0,0,1,0,0,2,0,0,1,0,0,0,22,1,0,0,0,0,1,0,0,0,238,0,40,104,0,384,6.80775792403699,0,0,0,1557626.59885302,0,57,0,20,0,0,0,0,0,1.4,15.5,0,5.9,3,5,7,FALSE
"146",5880,0,0,0,26,2,60,0,1,2,-885197.850603752,344.441286907099,0,0,0,0,0,0,0,0,0,0,0,0,0,0,0,458.842990333649,0,0,0,0,0,0,0,0,0,0,0,0,0,0,-2906.8718696745,-852.819670595455,17575.9033970926,0,0,4,0,0,100,0,0,0,0,0,0,0,0,0,0,2,2,2,FALSE
"147",2669106,0,0,0,21,1,60,10,1,1,9,14,0,0,4,0,0,0,0,0,5,0,0,1,0,0,0,22,3,0,0,0,2,0,0,0,0,7,0,34,2,0,48,2.41531176793102,20,0,0,8042494.64802708,0,49.3,0,17.3,0,8.9,0,0,17.9,0,0,0,5.1,3,4,1,FALSE
"148",2669106,0,0,0,19,1,62,10,1,1,9,14,0,0,4,0,0,0,0,0,5,0,0,1,0,0,0,22,3,0,0,0,2,0,0,0,0,7,0,34,2,0,48,2.41531176793102,20,0,0,8042493.27158446,0,49.3,0,17.3,0,8.9,0,0,17.9,0,0,0,5.1,3,4,1,FALSE
"149",6000,0,0,0,25,6,59,0,2,2,-884602.520604822,350.978565847986,0,0,0,0,0,0,0,0,0,0,0,0,0,0,0,462.213829584673,0,0,0,0,0,0,0,0,0,0,0,0,0,0,-2910.45059332061,-855.8417050383,17443.5023658878,0,0,1,0,0,100,0,0,0,0,0,0,0,0,0,0,2,2,2,FALSE
"150",4804234,0,0,0,28,1,62,15,1,1,25,10,0,0,1,0,0,0,0,2,5,0,0,3,0,4,0,21,1,0,0,1,1,0,0,0,0,774,0,12,139,0,928,4.23851120394987,20,0,0,19052710.0245669,0,57,0,20,0,0,0,0,0,1.4,15.5,0,5.9,3,5,6,FALSE
"151",5888,0,0,0,26,3,59,0,1,2,-885197.909879884,344.447958011724,0,0,0,0,0,0,0,0,0,0,0,0,0,0,0,458.83467335005,0,0,0,0,0,0,0,0,0,0,0,0,0,0,-2906.86619865969,-852.847432194315,17576.1066811522,0,0,3,0,0,100,0,0,0,0,0,0,0,0,0,0,2,2,2,FALSE
"152",7225742,0,0,0,21,2,57,27,2,1,1,22,4,0,6,0,0,2,0,1,8,0,0,8,0,2,0,22,1,8,0,0,0,2,0,0,0,264,0,74,421,0,771,1.07843137254902,0,0,0,11,0,57,0,20,0,0,0,0,0,1.4,15.5,0,5.9,3,6,6,FALSE
"153",2669106,0,0,0,20,1,61,10,1,1,9,14,0,0,4,0,0,0,0,0,5,0,0,1,0,0,0,22,3,0,0,0,2,0,0,0,0,7,0,34,2,0,48,2.41531176793102,20,0,0,8042493.95980577,0,49.3,0,17.3,0,8.9,0,0,17.9,0,0,0,5.1,3,4,1,FALSE
"154",1956101,0,0,0,18,1,61,6,1,1,101,16,0,0,2,0,0,1,0,0,2,0,0,1,0,0,0,22,1,0,0,0,0,1,0,0,0,238,0,40,104,0,384,6.80977186994791,0,0,0,1557623.07698805,0,57,0,20,0,0,0,0,0,1.4,15.5,0,5.9,3,5,7,FALSE
"155",34424,0,0,0,19,4,58,0,2,2,-884598.365872739,350.998766966395,0,0,0,0,0,0,0,0,0,0,0,0,0,0,0,462.19460203746,0,0,0,0,0,0,0,0,0,0,0,0,0,0,-2910.47837916896,-855.332588268359,17442.6848228707,0,0,-1,0,0,100,0,0,0,0,0,0,0,0,0,0,2,2,2,FALSE
"156",6122901,0,0,0,26,2,62,26,2,1,1,19,8,0,3,0,0,0,3,2,7,0,0,6,0,5,0,29,1,8,0,0,0,0,0,0,0,268,0,43,411,0,731,2.62837644292303,10,0,0,1,0,0,0,0,0,0,0,0,0,6.4,67.7,0,25.8,3,6,6,FALSE
"157",2669106,0,0,0,20,1,60,10,1,1,9,14,0,0,4,0,0,0,0,0,5,0,0,1,0,0,0,22,3,0,0,0,2,0,0,0,0,7,0,34,2,0,48,2.41531176793102,20,0,0,8042493.24014774,0,49.3,0,17.3,0,8.9,0,0,17.9,0,0,0,5.1,3,4,1,FALSE
"158",8043761,0,0,0,19,1,62,9,1,1,7,21,10,0,2,0,0,0,3,0,4,0,0,0,0,0,0,28,1,10,0,0,0,10,0,0,0,469,0,34,316,0,840,3.2926426921808,10,0,0,-6096362.83778983,0,0,0,72.9,0,0,0,0,0,5.4,0,0,21.6,3,6,7,FALSE
"159",2669106,0,0,0,22,1,61,10,1,1,9,14,0,0,4,0,0,0,0,0,5,0,0,1,0,0,0,22,3,0,0,0,2,0,0,0,0,7,0,34,2,0,48,2.41531176793102,20,0,0,8042496.77556445,0,49.3,0,17.3,0,8.9,0,0,17.9,0,0,0,5.1,3,4,1,FALSE
"160",824232,0,0,0,36,1,62,34,1,1,1,10,0,0,7,0,0,2,0,1,11,0,0,11,0,2,0,22,1,0,0,0,0,0,0,0,0,250,0,5,175,0,431,4.09813387800576,20,0,0,-9717582.56658427,0,57,0,20,0,0,0,0,0,1.4,15.5,0,5.9,3,6,6,FALSE
"161",6122902,0,0,0,27,2,62,26,2,1,1,19,8,0,3,0,0,0,3,2,7,0,0,6,0,5,0,29,1,8,0,0,0,0,0,0,0,268,0,43,411,0,731,2.62836153426349,10,0,0,-1,0,0,0,0,0,0,0,0,0,6.4,67.7,0,25.8,3,6,6,FALSE
"162",1928652,0,0,0,16,3543,62,6,4,1,3,16,0,0,0,0,2,0,0,0,4,0,0,0,0,0,0,26,1,0,0,0,0,0,0,0,0,25,0,12,36,0,74,3.58529234478602,0,0,0,0,0,67.5,0,23.6,0,0,0,0,0,1.7,0,0,7,3,5,7,FALSE
"163",1955964,0,0,0,20,1,61,6,1,1,101,16,0,0,2,0,0,1,0,0,2,0,0,1,0,0,0,22,1,0,0,0,0,1,0,0,0,238,0,40,104,0,384,6.80977186994791,0,0,0,1557625.89350585,0,57,0,20,0,0,0,0,0,1.4,15.5,0,5.9,3,5,7,FALSE
"164",3394284,0,0,0,25,5,63,26,2,1,1,19,4,0,3,0,0,0,3,2,7,0,0,6,0,5,0,29,1,4,0,0,0,0,0,0,0,268,0,45,411,0,729,4.59626693940169,0,0,0,-1,0,57,0,20,0,0,0,0,0,1.4,15.5,0,5.9,3,6,6,FALSE
"165",1975464,0,0,0,19,1,62,6,1,1,101,16,0,0,2,0,0,1,0,0,2,0,0,1,0,0,0,22,1,0,0,0,0,1,0,0,0,238,0,41,108,0,389,6.80797915356276,0,0,0,1559483.27315434,0,57,0,20,0,0,0,0,0,1.4,15.5,0,5.9,3,5,7,FALSE
"166",4804234,0,0,0,31,1,63,15,1,1,25,10,0,0,1,0,0,0,0,2,5,0,0,3,0,4,0,21,1,0,0,1,1,0,0,0,0,774,0,12,139,0,928,4.23851120394987,20,0,0,19052714.9678629,0,57,0,20,0,0,0,0,0,1.4,15.5,0,5.9,3,5,6,FALSE
"167",4804234,0,0,0,28,1,61,15,1,1,25,10,0,0,1,0,0,0,0,2,5,0,0,3,0,4,0,21,1,0,0,1,1,0,0,0,0,774,0,12,139,0,928,4.23851120394987,20,0,0,19052709.3049089,0,57,0,20,0,0,0,0,0,1.4,15.5,0,5.9,3,5,6,FALSE
"168",1467913,0,0,0,22,1,61,6,1,1,1,21,0,0,1,0,0,0,2,0,3,0,0,0,0,0,0,30,1,0,0,0,0,0,0,0,0,170,0,11,410,0,592,3.44334600760456,20,0,0,-1876194.72112141,0,48.1,0,16.8,0,0,0,0,0,0,13.1,15.6,5,3,5,7,FALSE
"169",2669106,0,0,0,20,1,61,10,1,1,9,14,0,0,4,0,0,0,0,0,5,0,0,1,0,0,0,22,3,0,0,0,2,0,0,0,0,7,0,34,2,0,48,2.41531176793102,20,0,0,8042493.95980577,0,49.3,0,17.3,0,8.9,0,0,17.9,0,0,0,5.1,3,4,1,FALSE
"170",6392,0,0,0,28,6,59,0,3,2,-884006.48795083,357.526268664399,0,0,0,0,0,0,0,0,0,0,0,0,0,0,0,465.61703279353,0,0,0,0,0,0,0,0,0,0,0,0,0,0,-2914.03456375247,-859.214598562695,17311.131712575,0,0,-1,0,0,100,0,0,0,0,0,0,0,0,0,0,2,2,2,FALSE
"171",4804233,0,0,0,29,1,61,15,1,1,25,10,0,0,1,0,0,0,0,2,5,0,0,3,0,4,0,21,1,0,0,1,1,0,0,0,0,774,0,12,139,0,928,4.23851120394987,20,0,0,19052710.7127937,0,57,0,20,0,0,0,0,0,1.4,15.5,0,5.9,3,5,6,FALSE
"172",2667888,0,0,0,22,1,62,10,1,1,9,14,0,0,4,0,0,0,0,0,5,0,0,1,0,0,0,22,3,0,0,0,2,0,0,0,0,7,0,34,2,0,48,2.59426074749233,20,0,0,8042498.60960948,0,49.3,0,17.3,0,8.9,0,0,17.9,0,0,0,5.1,3,4,1,FALSE
"173",2669106,0,0,0,20,1,60,10,1,1,9,14,0,0,4,0,0,0,0,0,5,0,0,1,0,0,0,22,3,0,0,0,2,0,0,0,0,7,0,34,2,0,48,2.41531176793102,20,0,0,8042493.24014774,0,49.3,0,17.3,0,8.9,0,0,17.9,0,0,0,5.1,3,4,1,FALSE
"174",2795296,0,0,0,25,2,60,0,2,2,-884604.951633392,350.832831771756,0,0,0,0,0,0,0,0,0,0,0,0,0,0,0,462.15174949726,0,0,0,0,0,0,0,0,0,0,0,0,0,0,-2910.60382618675,-855.699585718603,17443.0292937172,0,0,2,0,0,100,0,0,0,0,0,0,0,0,0,0,2,2,2,FALSE
"175",15645802,0,0,0,16,1,63,34,1,1,41,19,10,0,8,0,0,3,0,1,10,0,0,8,1,2,1,22,1,10,0,5,0,0,0,10,0,152,0,51,271,0,490,5.09801210025929,20,0,0,-12464299.347344,0,0,0,72.9,0,0,0,0,0,5.4,0,0,21.6,3,6,3,TRUE
"176",4804237,0,0,0,27,1,60,15,1,1,25,10,0,0,1,0,0,0,0,2,5,0,0,3,0,4,0,21,1,0,0,1,1,0,0,0,0,774,0,12,139,0,928,4.23851120394987,20,0,0,19052707.1773549,0,57,0,20,0,0,0,0,0,1.4,15.5,0,5.9,3,5,6,FALSE
"177",1956078,0,0,0,20,1,62,6,1,1,101,16,0,0,2,0,0,1,0,0,2,0,0,1,0,0,0,22,1,0,0,0,0,1,0,0,0,238,0,40,104,0,384,6.80995597088687,0,0,0,1557626.61367173,0,57,0,20,0,0,0,0,0,1.4,15.5,0,5.9,3,5,7,FALSE
"178",11212,0,0,0,21,18,59,0,3,2,-884012.326375192,357.459355783069,0,0,0,0,0,0,0,0,0,0,0,0,0,0,0,465.551401132213,0,0,0,0,0,0,0,0,0,0,0,0,0,0,-2914.00728066874,-858.522638153923,17311.3260862735,0,0,0,0,0,100,0,0,0,0,0,0,0,0,0,0,2,2,2,FALSE
"179",4804234,0,0,0,29,1,63,15,1,1,25,10,0,0,1,0,0,0,0,2,5,0,0,3,0,4,0,21,1,0,0,1,1,0,0,0,0,774,0,12,139,0,928,4.23851120394987,20,0,0,19052712.1521043,0,57,0,20,0,0,0,0,0,1.4,15.5,0,5.9,3,5,6,FALSE
"180",1513084,0,0,0,17,1,62,4,1,1,437,19,0,0,0,0,2,0,0,0,2,0,0,0,0,0,0,26,1,0,0,0,0,0,0,0,0,254,0,4,142,0,401,3.49113607990012,20,0,0,-1826698.02423859,0,57,0,20,0,0,0,0,0,1.4,15.5,0,5.9,3,5,7,FALSE
"181",1629650,0,0,0,15,3,62,7,2,1,1,11,0,0,1,0,0,1,0,0,3,0,0,2,0,0,0,22,1,0,0,0,0,13,0,0,0,23,0,34,7,0,78,2.56786011656953,20,0,1,1,0,60.1,0,21,0,10.9,0,0,0,1.5,0,0,6.2,3,5,7,FALSE
"182",4804234,0,0,0,29,1,62,15,1,1,25,10,0,0,1,0,0,0,0,2,5,0,0,3,0,4,0,21,1,0,0,1,1,0,0,0,0,774,0,12,139,0,928,4.23851120394987,20,0,0,19052711.4324462,0,57,0,20,0,0,0,0,0,1.4,15.5,0,5.9,3,5,6,FALSE
"183",2369760,0,0,0,19,1,62,6,1,1,1,21,0,0,2,0,0,0,0,0,0,0,0,3,0,1,0,29,1,0,0,0,0,1,0,0,0,183,0,28,183,0,396,3.06976744186047,10,0,0,652835.730233838,0,57,0,20,0,0,0,0,0,1.4,15.5,0,5.9,3,5,7,FALSE
